Command,TotalDWSQuantity,Metrics,TotalFutureCommitments,TotalGrossFutureCommitments,TotalCommitmentsDueToday,TotalGrossCommitmentsDueToday,TotalBurnsToday,TotalGrossBurnsToday,TotalMonthlyCommitments,TotalGrossMonthlyCommitments,TotalAnnualReward,SaturationPercentAnnual,SaturationPercentMonthly,30dayDWU,90dayDWU,180dayDWU,365dayDWU,getblockcount
dwsquote,146,v1.1,21875932.9851044,59295377.26999997,54.53076522446309,10254.4581,388509.8780745166,1495409.7635,92866.72638031162,6554208.551200013,43200310.7246022,50.63836954,2.57961273,18.6965,21.5365,25.7965,34.5531,173906
dwsquote,146,v1.1,21875937.74807196,59296382.42269997,4.76296755127253,1005.1527,390074.4574940322,1596974.9162,92921.25714553609,6564463.009300012,43200310.7246022,50.63838056,2.58112747,18.6965,21.5365,25.7965,34.5531,173853
dwsquote,146,v1.1,21876349.28578733,59396794.57539997,416.3006829224742,101417.3054,390074.8016492145,1597075.0689,92921.25714553609,6564463.009300012,43200310.7246022,50.63933319,2.58112747,18.6962,21.5361,25.7960,34.5524,173783
dwsquote,142,v1.1,21839638.76194285,59253183.96459997,416.3006829224742,101417.3054,353364.2778047339,1453464.4581,92921.25714553609,6564463.009300012,43200310.7246022,50.55435573,2.58112747,18.7283,21.5732,25.8404,34.6119,173747
dwsquote,141,v1.1,21487839.40771281,57901384.81189996,416.3006829224742,101417.3054,1564.923574697841,101665.3054,92921.25714553609,6564463.009300012,43200310.7246022,49.74001123,2.58112747,19.0368,21.9285,26.2660,35.1819,173726